섬,https://www.airbnb.co.kr/?tab_id=home_tab&refinement_paths%5B%5D=%2Fhomes&search_mode=flex_destinations_search&flexible_trip_lengths%5B%5D=one_week&location_search=MIN_MAP_BOUNDS&search_type=category_change&category_tag=Tag%3A675
국립공원,https://www.airbnb.co.kr/?tab_id=home_tab&refinement_paths%5B%5D=%2Fhomes&search_mode=flex_destinations_search&flexible_trip_lengths%5B%5D=one_week&location_search=MIN_MAP_BOUNDS&search_type=category_change&category_tag=Tag%3A8102
통나무집,https://www.airbnb.co.kr/?tab_id=home_tab&refinement_paths%5B%5D=%2Fhomes&search_mode=flex_destinations_search&flexible_trip_lengths%5B%5D=one_week&location_search=MIN_MAP_BOUNDS&search_type=category_change&category_tag=Tag%3A5348
기상천외한 숙소,https://www.airbnb.co.kr/?tab_id=home_tab&refinement_paths%5B%5D=%2Fhomes&search_mode=flex_destinations_search&flexible_trip_lengths%5B%5D=one_week&location_search=MIN_MAP_BOUNDS&search_type=category_change&category_tag=Tag%3A8225
해변 근처,https://www.airbnb.co.kr/?tab_id=home_tab&refinement_paths%5B%5D=%2Fhomes&search_mode=flex_destinations_search&flexible_trip_lengths%5B%5D=one_week&location_search=MIN_MAP_BOUNDS&search_type=category_change&category_tag=Tag%3A7769
초소형 주택,https://www.airbnb.co.kr/?tab_id=home_tab&refinement_paths%5B%5D=%2Fhomes&search_mode=flex_destinations_search&flexible_trip_lengths%5B%5D=one_week&location_search=MIN_MAP_BOUNDS&search_type=category_change&category_tag=Tag%3A8186
디자인,https://www.airbnb.co.kr/?tab_id=home_tab&refinement_paths%5B%5D=%2Fhomes&search_mode=flex_destinations_search&flexible_trip_lengths%5B%5D=one_week&location_search=MIN_MAP_BOUNDS&search_type=category_change&category_tag=Tag%3A8528
캠핑장,https://www.airbnb.co.kr/?tab_id=home_tab&refinement_paths%5B%5D=%2Fhomes&search_mode=flex_destinations_search&flexible_trip_lengths%5B%5D=one_week&location_search=MIN_MAP_BOUNDS&search_type=category_change&category_tag=Tag%3A634
A자형 주택,https://www.airbnb.co.kr/?tab_id=home_tab&refinement_paths%5B%5D=%2Fhomes&search_mode=flex_destinations_search&flexible_trip_lengths%5B%5D=one_week&location_search=MIN_MAP_BOUNDS&search_type=category_change&category_tag=Tag%3A8148
호숫가,https://www.airbnb.co.kr/?tab_id=home_tab&refinement_paths%5B%5D=%2Fhomes&search_mode=flex_destinations_search&flexible_trip_lengths%5B%5D=one_week&location_search=MIN_MAP_BOUNDS&search_type=category_change&category_tag=Tag%3A8522
북극,https://www.airbnb.co.kr/?tab_id=home_tab&refinement_paths%5B%5D=%2Fhomes&search_mode=flex_destinations_search&flexible_trip_lengths%5B%5D=one_week&location_search=MIN_MAP_BOUNDS&search_type=category_change&category_tag=Tag%3A8534
멋진 수영장,https://www.airbnb.co.kr/?tab_id=home_tab&refinement_paths%5B%5D=%2Fhomes&search_mode=flex_destinations_search&flexible_trip_lengths%5B%5D=one_week&location_search=MIN_MAP_BOUNDS&search_type=category_change&category_tag=Tag%3A677
동굴,https://www.airbnb.co.kr/?tab_id=home_tab&refinement_paths%5B%5D=%2Fhomes&search_mode=flex_destinations_search&flexible_trip_lengths%5B%5D=one_week&location_search=MIN_MAP_BOUNDS&search_type=category_change&category_tag=Tag%3A670
서핑,https://www.airbnb.co.kr/?tab_id=home_tab&refinement_paths%5B%5D=%2Fhomes&search_mode=flex_destinations_search&flexible_trip_lengths%5B%5D=one_week&location_search=MIN_MAP_BOUNDS&search_type=category_change&category_tag=Tag%3A8526
최고의 전망,https://www.airbnb.co.kr/?tab_id=home_tab&refinement_paths%5B%5D=%2Fhomes&search_mode=flex_destinations_search&flexible_trip_lengths%5B%5D=one_week&location_search=MIN_MAP_BOUNDS&search_type=category_change&category_tag=Tag%3A8536
복토 주택,https://www.airbnb.co.kr/?tab_id=home_tab&refinement_paths%5B%5D=%2Fhomes&search_mode=flex_destinations_search&flexible_trip_lengths%5B%5D=one_week&location_search=MIN_MAP_BOUNDS&search_type=category_change&category_tag=Tag%3A8174
열대 지역,https://www.airbnb.co.kr/?tab_id=home_tab&refinement_paths%5B%5D=%2Fhomes&search_mode=flex_destinations_search&flexible_trip_lengths%5B%5D=one_week&location_search=MIN_MAP_BOUNDS&search_type=category_change&category_tag=Tag%3A5635
B&B,https://www.airbnb.co.kr/?tab_id=home_tab&refinement_paths%5B%5D=%2Fhomes&search_mode=flex_destinations_search&flexible_trip_lengths%5B%5D=one_week&location_search=MIN_MAP_BOUNDS&search_type=category_change&category_tag=Tag%3A8538
Luxe,https://www.airbnb.co.kr/?tab_id=home_tab&refinement_paths%5B%5D=%2Fhomes&search_mode=flex_destinations_search&flexible_trip_lengths%5B%5D=one_week&location_search=MIN_MAP_BOUNDS&search_type=category_change&category_tag=Tag%3A8253
셰어하우스,https://www.airbnb.co.kr/?tab_id=home_tab&refinement_paths%5B%5D=%2Fhomes&search_mode=flex_destinations_search&flexible_trip_lengths%5B%5D=one_week&location_search=MIN_MAP_BOUNDS&search_type=category_change&category_tag=Tag%3A8542
캐슬,https://www.airbnb.co.kr/?tab_id=home_tab&refinement_paths%5B%5D=%2Fhomes&search_mode=flex_destinations_search&flexible_trip_lengths%5B%5D=one_week&location_search=MIN_MAP_BOUNDS&search_type=category_change&category_tag=Tag%3A8047
농장,https://www.airbnb.co.kr/?tab_id=home_tab&refinement_paths%5B%5D=%2Fhomes&search_mode=flex_destinations_search&flexible_trip_lengths%5B%5D=one_week&location_search=MIN_MAP_BOUNDS&search_type=category_change&category_tag=Tag%3A8175
한적한 시골,https://www.airbnb.co.kr/?tab_id=home_tab&refinement_paths%5B%5D=%2Fhomes&search_mode=flex_destinations_search&flexible_trip_lengths%5B%5D=one_week&location_search=MIN_MAP_BOUNDS&search_type=category_change&category_tag=Tag%3A4104
저택,https://www.airbnb.co.kr/?tab_id=home_tab&refinement_paths%5B%5D=%2Fhomes&search_mode=flex_destinations_search&flexible_trip_lengths%5B%5D=one_week&location_search=MIN_MAP_BOUNDS&search_type=category_change&category_tag=Tag%3A8115
상징적 도시,https://www.airbnb.co.kr/?tab_id=home_tab&refinement_paths%5B%5D=%2Fhomes&search_mode=flex_destinations_search&flexible_trip_lengths%5B%5D=one_week&location_search=MIN_MAP_BOUNDS&search_type=category_change&category_tag=Tag%3A8535
객잔,https://www.airbnb.co.kr/?tab_id=home_tab&refinement_paths%5B%5D=%2Fhomes&search_mode=flex_destinations_search&flexible_trip_lengths%5B%5D=one_week&location_search=MIN_MAP_BOUNDS&search_type=category_change&category_tag=Tag%3A8231
해변 바로 앞,https://www.airbnb.co.kr/?tab_id=home_tab&refinement_paths%5B%5D=%2Fhomes&search_mode=flex_destinations_search&flexible_trip_lengths%5B%5D=one_week&location_search=MIN_MAP_BOUNDS&search_type=category_change&category_tag=Tag%3A789
골프장,https://www.airbnb.co.kr/?tab_id=home_tab&refinement_paths%5B%5D=%2Fhomes&search_mode=flex_destinations_search&flexible_trip_lengths%5B%5D=one_week&location_search=MIN_MAP_BOUNDS&search_type=category_change&category_tag=Tag%3A8525
유서 깊은 주택,https://www.airbnb.co.kr/?tab_id=home_tab&refinement_paths%5B%5D=%2Fhomes&search_mode=flex_destinations_search&flexible_trip_lengths%5B%5D=one_week&location_search=MIN_MAP_BOUNDS&search_type=category_change&category_tag=Tag%3A8524
돔하우스,https://www.airbnb.co.kr/?tab_id=home_tab&refinement_paths%5B%5D=%2Fhomes&search_mode=flex_destinations_search&flexible_trip_lengths%5B%5D=one_week&location_search=MIN_MAP_BOUNDS&search_type=category_change&category_tag=Tag%3A8173
