1,https://www.airbnb.co.kr/rooms/49371304?adults=1&category_tag=Tag%3A8522&children=0&infants=0&search_mode=flex_destinations_search&check_in=2022-07-01&check_out=2022-07-06&previous_page_section_name=1000
1,https://www.airbnb.co.kr/rooms/579925483200675395?adults=1&category_tag=Tag%3A8522&children=0&infants=0&search_mode=flex_destinations_search&check_in=2022-07-03&check_out=2022-07-08&previous_page_section_name=1000
1,https://www.airbnb.co.kr/rooms/594592734973589526?adults=1&category_tag=Tag%3A8522&children=0&infants=0&search_mode=flex_destinations_search&check_in=2022-07-01&check_out=2022-07-06&previous_page_section_name=1000
1,https://www.airbnb.co.kr/rooms/53407905?adults=1&category_tag=Tag%3A8522&children=0&infants=0&search_mode=flex_destinations_search&check_in=2022-07-11&check_out=2022-07-16&previous_page_section_name=1000
1,https://www.airbnb.co.kr/rooms/49371310?adults=1&category_tag=Tag%3A8522&children=0&infants=0&search_mode=flex_destinations_search&check_in=2022-07-05&check_out=2022-07-11&previous_page_section_name=1000
1,https://www.airbnb.co.kr/rooms/51894717?adults=1&category_tag=Tag%3A8522&children=0&infants=0&search_mode=flex_destinations_search&check_in=2022-07-03&check_out=2022-07-08&previous_page_section_name=1000
1,https://www.airbnb.co.kr/rooms/52270927?adults=1&category_tag=Tag%3A8522&children=0&infants=0&search_mode=flex_destinations_search&check_in=2022-08-28&check_out=2022-09-02&previous_page_section_name=1000
1,https://www.airbnb.co.kr/rooms/51894718?adults=1&category_tag=Tag%3A8522&children=0&infants=0&search_mode=flex_destinations_search&check_in=2022-07-03&check_out=2022-07-08&previous_page_section_name=1000
1,https://www.airbnb.co.kr/rooms/53407938?adults=1&category_tag=Tag%3A8522&children=0&infants=0&search_mode=flex_destinations_search&check_in=2022-08-23&check_out=2022-08-28&previous_page_section_name=1000
1,https://www.airbnb.co.kr/rooms/594592735719493127?adults=1&category_tag=Tag%3A8522&children=0&infants=0&search_mode=flex_destinations_search&check_in=2022-07-01&check_out=2022-07-06&previous_page_section_name=1000
1,https://www.airbnb.co.kr/rooms/53407907?adults=1&category_tag=Tag%3A8522&children=0&infants=0&search_mode=flex_destinations_search&check_in=2022-07-10&check_out=2022-07-15&previous_page_section_name=1000
1,https://www.airbnb.co.kr/rooms/51894714?adults=1&category_tag=Tag%3A8522&children=0&infants=0&search_mode=flex_destinations_search&check_in=2022-07-03&check_out=2022-07-08&previous_page_section_name=1000
